{
    "model": "cnn",
    "fold": 10,
    "accuracy": 0.8275862068965517,
    "precision": 1.0,
    "recall": 0.16666666666666666,
    "f1_score": 0.2857142857142857,
    "val_loss": 0.6558135151863098
}