{
    "model": "cnn",
    "fold": 8,
    "accuracy": 0.20689655172413793,
    "precision": 0.17857142857142858,
    "recall": 1.0,
    "f1_score": 0.30303030303030304,
    "val_loss": 0.6963039636611938
}