{
    "model": "cnn",
    "fold": 6,
    "accuracy": 0.41379310344827586,
    "precision": 0.2,
    "recall": 0.8,
    "f1_score": 0.32,
    "val_loss": 0.6956315040588379
}