{
    "model": "efficientnet",
    "fold": 3,
    "accuracy": 0.6666666666666666,
    "precision": 0.35714285714285715,
    "recall": 0.8333333333333334,
    "f1_score": 0.5,
    "val_loss": 0.6098701357841492
}