{
    "model": "efficientnet",
    "fold": 5,
    "accuracy": 0.27586206896551724,
    "precision": 0.19230769230769232,
    "recall": 1.0,
    "f1_score": 0.3225806451612903,
    "val_loss": 0.731112003326416
}