{
    "model": "efficientnet",
    "fold": 4,
    "accuracy": 0.5,
    "precision": 0.23529411764705882,
    "recall": 0.6666666666666666,
    "f1_score": 0.34782608695652173,
    "val_loss": 0.6932869553565979
}