{
    "model": "efficientnet",
    "fold": 1,
    "accuracy": 0.7666666666666667,
    "precision": 0.42857142857142855,
    "recall": 0.5,
    "f1_score": 0.46153846153846156,
    "val_loss": 0.6796380877494812
}