{
    "model": "efficientnet",
    "fold": 7,
    "accuracy": 0.8275862068965517,
    "precision": 0.5,
    "recall": 0.6,
    "f1_score": 0.5454545454545454,
    "val_loss": 0.6188551187515259
}