{
    "model": "efficientnet",
    "fold": 4,
    "accuracy": 0.7,
    "precision": 0.2857142857142857,
    "recall": 0.3333333333333333,
    "f1_score": 0.3076923076923077,
    "val_loss": 0.6518388390541077
}