{
    "model": "mobilenetv3",
    "fold": 8,
    "accuracy": 0.7241379310344828,
    "precision": 0.2,
    "recall": 0.2,
    "f1_score": 0.2,
    "val_loss": 0.6611765623092651
}