{
    "model": "mobilenetv3",
    "fold": 1,
    "accuracy": 0.4666666666666667,
    "precision": 0.25,
    "recall": 0.8333333333333334,
    "f1_score": 0.38461538461538464,
    "val_loss": 0.741278350353241
}