{
    "model": "mobilenetv3",
    "fold": 4,
    "accuracy": 0.6,
    "precision": 0.2857142857142857,
    "recall": 0.6666666666666666,
    "f1_score": 0.4,
    "val_loss": 0.6862800717353821
}