{
    "model": "mobilenetv3",
    "fold": 7,
    "accuracy": 0.7241379310344828,
    "precision": 0.2857142857142857,
    "recall": 0.4,
    "f1_score": 0.3333333333333333,
    "val_loss": 0.6552401781082153
}