{
    "model": "mobilenetv3",
    "fold": 1,
    "accuracy": 0.23333333333333334,
    "precision": 0.18518518518518517,
    "recall": 0.8333333333333334,
    "f1_score": 0.30303030303030304,
    "val_loss": 0.7244897484779358
}