{
    "model": "mobilenetv3",
    "fold": 6,
    "accuracy": 0.8275862068965517,
    "precision": 0.5,
    "recall": 0.2,
    "f1_score": 0.2857142857142857,
    "val_loss": 0.6847451329231262
}