{
    "model": "mobilenetv3",
    "fold": 10,
    "accuracy": 0.4827586206896552,
    "precision": 0.2631578947368421,
    "recall": 0.8333333333333334,
    "f1_score": 0.4,
    "val_loss": 0.6967887282371521
}