{
    "model": "mobilenetv3",
    "fold": 9,
    "accuracy": 0.4482758620689655,
    "precision": 0.23809523809523808,
    "recall": 1.0,
    "f1_score": 0.38461538461538464,
    "val_loss": 0.7068502306938171
}