{
    "model": "shufflenet",
    "fold": 10,
    "accuracy": 0.8620689655172413,
    "precision": 1.0,
    "recall": 0.3333333333333333,
    "f1_score": 0.5,
    "val_loss": 0.4825454652309418
}