{
    "model": "shufflenet",
    "fold": 5,
    "accuracy": 0.9310344827586207,
    "precision": 1.0,
    "recall": 0.6,
    "f1_score": 0.75,
    "val_loss": 0.5758606195449829
}