{
    "model": "shufflenet",
    "fold": 1,
    "accuracy": 0.6333333333333333,
    "precision": 0.3333333333333333,
    "recall": 0.8333333333333334,
    "f1_score": 0.47619047619047616,
    "val_loss": 0.6749891042709351
}