{
    "model": "shufflenet",
    "fold": 10,
    "accuracy": 0.7931034482758621,
    "precision": 0.5,
    "recall": 0.16666666666666666,
    "f1_score": 0.25,
    "val_loss": 0.5553635954856873
}