{
    "model": "tinyvit",
    "fold": 2,
    "accuracy": 0.7333333333333333,
    "precision": 0.3333333333333333,
    "recall": 0.3333333333333333,
    "f1_score": 0.3333333333333333,
    "val_loss": 0.6547778248786926
}