{
    "model": "student",
    "accuracy": 0.5172413793103449,
    "precision": 0.23529411764705882,
    "recall": 0.8,
    "f1_score": 0.36363636363636365,
    "val_loss": 0.8350996971130371,
    "threshold": 0.59
}