{
    "auc_score": 0.48515093604576676,
    "precision": [
        0.4954128440366973,
        0.49074074074074076,
        0.48598130841121495,
        0.4811320754716981,
        0.47619047619047616,
        0.47115384615384615,
        0.47572815533980584,
        0.47058823529411764,
        0.4752475247524752,
        0.47,
        0.46464646464646464,
        0.46938775510204084,
        0.4742268041237113,
        0.46875,
        0.4631578947368421,
        0.4574468085106383,
        0.46236559139784944,
        0.4673913043478261,
        0.46153846153846156,
        0.45555555555555555,
        0.4606741573033708,
        0.4482758620689655,
        0.45348837209302323,
        0.4588235294117647,
        0.4523809523809524,
        0.4457831325301205,
        0.45121951219512196,
        0.4444444444444444,
        0.4375,
        0.43037974683544306,
        0.4358974358974359,
        0.44155844155844154,
        0.4342105263157895,
        0.44,
        0.44594594594594594,
        0.4520547945205479,
        0.4444444444444444,
        0.4507042253521127,
        0.45714285714285713,
        0.463768115942029,
        0.47058823529411764,
        0.47761194029850745,
        0.48484848484848486,
        0.47692307692307695,
        0.484375,
        0.47619047619047616,
        0.46774193548387094,
        0.45901639344262296,
        0.4666666666666667,
        0.4576271186440678,
        0.46551724137931033,
        0.47368421052631576,
        0.48214285714285715,
        0.4909090909090909,
        0.5,
        0.5094339622641509,
        0.5192307692307693,
        0.5098039215686274,
        0.5,
        0.5102040816326531,
        0.5,
        0.5106382978723404,
        0.5,
        0.4888888888888889,
        0.5,
        0.5116279069767442,
        0.5,
        0.5121951219512195,
        0.525,
        0.5128205128205128,
        0.5263157894736842,
        0.5135135135135135,
        0.5,
        0.5142857142857142,
        0.5,
        0.5151515151515151,
        0.53125,
        0.5483870967741935,
        0.5333333333333333,
        0.5517241379310345,
        0.5357142857142857,
        0.5555555555555556,
        0.5384615384615384,
        0.56,
        0.5416666666666666,
        0.5652173913043478,
        0.5909090909090909,
        0.5714285714285714,
        0.6,
        0.631578947368421,
        0.6111111111111112,
        0.5882352941176471,
        0.5625,
        0.6,
        0.5714285714285714,
        0.6153846153846154,
        0.5833333333333334,
        0.5454545454545454,
        0.5,
        0.4444444444444444,
        0.5,
        0.42857142857142855,
        0.3333333333333333,
        0.2,
        0.25,
        0.3333333333333333,
        0.0,
        0.0,
        1.0
    ],
    "recall": [
        1.0,
        0.9814814814814815,
        0.9629629629629629,
        0.9444444444444444,
        0.9259259259259259,
        0.9074074074074074,
        0.9074074074074074,
        0.8888888888888888,
        0.8888888888888888,
        0.8703703703703703,
        0.8518518518518519,
        0.8518518518518519,
        0.8518518518518519,
        0.8333333333333334,
        0.8148148148148148,
        0.7962962962962963,
        0.7962962962962963,
        0.7962962962962963,
        0.7777777777777778,
        0.7592592592592593,
        0.7592592592592593,
        0.7222222222222222,
        0.7222222222222222,
        0.7222222222222222,
        0.7037037037037037,
        0.6851851851851852,
        0.6851851851851852,
        0.6666666666666666,
        0.6481481481481481,
        0.6296296296296297,
        0.6296296296296297,
        0.6296296296296297,
        0.6111111111111112,
        0.6111111111111112,
        0.6111111111111112,
        0.6111111111111112,
        0.5925925925925926,
        0.5925925925925926,
        0.5925925925925926,
        0.5925925925925926,
        0.5925925925925926,
        0.5925925925925926,
        0.5925925925925926,
        0.5740740740740741,
        0.5740740740740741,
        0.5555555555555556,
        0.5370370370370371,
        0.5185185185185185,
        0.5185185185185185,
        0.5,
        0.5,
        0.5,
        0.5,
        0.5,
        0.5,
        0.5,
        0.5,
        0.48148148148148145,
        0.46296296296296297,
        0.46296296296296297,
        0.4444444444444444,
        0.4444444444444444,
        0.42592592592592593,
        0.4074074074074074,
        0.4074074074074074,
        0.4074074074074074,
        0.3888888888888889,
        0.3888888888888889,
        0.3888888888888889,
        0.37037037037037035,
        0.37037037037037035,
        0.35185185185185186,
        0.3333333333333333,
        0.3333333333333333,
        0.3148148148148148,
        0.3148148148148148,
        0.3148148148148148,
        0.3148148148148148,
        0.2962962962962963,
        0.2962962962962963,
        0.2777777777777778,
        0.2777777777777778,
        0.25925925925925924,
        0.25925925925925924,
        0.24074074074074073,
        0.24074074074074073,
        0.24074074074074073,
        0.2222222222222222,
        0.2222222222222222,
        0.2222222222222222,
        0.2037037037037037,
        0.18518518518518517,
        0.16666666666666666,
        0.16666666666666666,
        0.14814814814814814,
        0.14814814814814814,
        0.12962962962962962,
        0.1111111111111111,
        0.09259259259259259,
        0.07407407407407407,
        0.07407407407407407,
        0.05555555555555555,
        0.037037037037037035,
        0.018518518518518517,
        0.018518518518518517,
        0.018518518518518517,
        0.0,
        0.0,
        0.0
    ],
    "fpr": [
        0.0,
        0.01818181818181818,
        0.03636363636363636,
        0.03636363636363636,
        0.07272727272727272,
        0.07272727272727272,
        0.09090909090909091,
        0.09090909090909091,
        0.10909090909090909,
        0.10909090909090909,
        0.12727272727272726,
        0.12727272727272726,
        0.16363636363636364,
        0.16363636363636364,
        0.2,
        0.2,
        0.21818181818181817,
        0.21818181818181817,
        0.23636363636363636,
        0.23636363636363636,
        0.2545454545454545,
        0.2545454545454545,
        0.3090909090909091,
        0.3090909090909091,
        0.32727272727272727,
        0.32727272727272727,
        0.34545454545454546,
        0.34545454545454546,
        0.38181818181818183,
        0.38181818181818183,
        0.41818181818181815,
        0.41818181818181815,
        0.43636363636363634,
        0.43636363636363634,
        0.45454545454545453,
        0.45454545454545453,
        0.5818181818181818,
        0.5818181818181818,
        0.6,
        0.6,
        0.6181818181818182,
        0.6181818181818182,
        0.7272727272727273,
        0.7272727272727273,
        0.7818181818181819,
        0.7818181818181819,
        0.8181818181818182,
        0.8181818181818182,
        0.8363636363636363,
        0.8363636363636363,
        0.8727272727272727,
        0.8727272727272727,
        0.8909090909090909,
        0.8909090909090909,
        0.9272727272727272,
        0.9272727272727272,
        0.9636363636363636,
        0.9636363636363636,
        0.9818181818181818,
        0.9818181818181818,
        1.0,
        1.0
    ],