{
    "val_loss": 0.5089501142501831,
    "accuracy": 0.7706422018348624,
    "precision": 0.8536585365853658,
    "recall": 0.6481481481481481,
    "f1_score": 0.7368421052631579
}