{
    "val_loss": 0.5288960784673691,
    "accuracy": 0.7889908256880734,
    "precision": 0.8297872340425532,
    "recall": 0.7222222222222222,
    "f1_score": 0.7722772277227723
}