{
    "model": "cnn",
    "fold": 3,
    "accuracy": 0.6,
    "precision": 0.2857142857142857,
    "recall": 0.6666666666666666,
    "f1_score": 0.4,
    "val_loss": 1.129102349281311
}