{
    "model": "cnn",
    "fold": 10,
    "accuracy": 0.6896551724137931,
    "precision": 0.3333333333333333,
    "recall": 0.5,
    "f1_score": 0.4,
    "val_loss": 1.152559518814087
}