{
    "model": "cnn",
    "fold": 7,
    "accuracy": 0.6206896551724138,
    "precision": 0.25,
    "recall": 0.6,
    "f1_score": 0.35294117647058826,
    "val_loss": 1.0415335893630981
}