{
    "model": "cnn",
    "fold": 2,
    "accuracy": 0.7,
    "precision": 0.36363636363636365,
    "recall": 0.6666666666666666,
    "f1_score": 0.47058823529411764,
    "val_loss": 1.1637271642684937
}