{
    "model": "cnn",
    "fold": 5,
    "accuracy": 0.8620689655172413,
    "precision": 1.0,
    "recall": 0.2,
    "f1_score": 0.3333333333333333,
    "val_loss": 1.0604857206344604
}