{
    "model": "efficientnet",
    "fold": 3,
    "accuracy": 0.3333333333333333,
    "precision": 0.20833333333333334,
    "recall": 0.8333333333333334,
    "f1_score": 0.3333333333333333,
    "val_loss": 1.1627951860427856
}