{
    "model": "efficientnet",
    "fold": 3,
    "accuracy": 0.6666666666666666,
    "precision": 0.375,
    "recall": 1.0,
    "f1_score": 0.5454545454545454,
    "val_loss": 1.0876330137252808
}