{
    "model": "efficientnet",
    "fold": 2,
    "accuracy": 0.5333333333333333,
    "precision": 0.21428571428571427,
    "recall": 0.5,
    "f1_score": 0.3,
    "val_loss": 1.1379424333572388
}