{
    "model": "efficientnet",
    "fold": 6,
    "accuracy": 0.7241379310344828,
    "precision": 0.38461538461538464,
    "recall": 1.0,
    "f1_score": 0.5555555555555556,
    "val_loss": 1.0374008417129517
}