{
    "model": "efficientnet",
    "fold": 10,
    "accuracy": 0.7586206896551724,
    "precision": 0.42857142857142855,
    "recall": 0.5,
    "f1_score": 0.46153846153846156,
    "val_loss": 1.1390177011489868
}