{
    "model": "efficientnet",
    "fold": 4,
    "accuracy": 0.7666666666666667,
    "precision": 0.4444444444444444,
    "recall": 0.6666666666666666,
    "f1_score": 0.5333333333333333,
    "val_loss": 1.1231218576431274
}