{
    "model": "efficientnet",
    "fold": 9,
    "accuracy": 0.5517241379310345,
    "precision": 0.2777777777777778,
    "recall": 1.0,
    "f1_score": 0.43478260869565216,
    "val_loss": 1.0502125024795532
}