{
    "model": "mobilenetv3",
    "fold": 4,
    "accuracy": 0.4666666666666667,
    "precision": 0.2222222222222222,
    "recall": 0.6666666666666666,
    "f1_score": 0.3333333333333333,
    "val_loss": 1.1660414934158325
}