{
    "model": "mobilenetv3",
    "fold": 3,
    "accuracy": 0.6,
    "precision": 0.3333333333333333,
    "recall": 1.0,
    "f1_score": 0.5,
    "val_loss": 0.981330931186676
}