{
    "model": "mobilenetv3",
    "fold": 10,
    "accuracy": 0.4827586206896552,
    "precision": 0.2857142857142857,
    "recall": 1.0,
    "f1_score": 0.4444444444444444,
    "val_loss": 1.1826269626617432
}