{
    "model": "mobilenetv3",
    "fold": 1,
    "accuracy": 0.8333333333333334,
    "precision": 1.0,
    "recall": 0.16666666666666666,
    "f1_score": 0.2857142857142857,
    "val_loss": 1.2006678581237793
}