{
    "model": "mobilenetv3",
    "fold": 8,
    "accuracy": 0.7931034482758621,
    "precision": 0.42857142857142855,
    "recall": 0.6,
    "f1_score": 0.5,
    "val_loss": 0.9817532300949097
}