{
    "model": "mobilenetv3",
    "fold": 9,
    "accuracy": 0.6551724137931034,
    "precision": 0.3076923076923077,
    "recall": 0.8,
    "f1_score": 0.4444444444444444,
    "val_loss": 1.0489704608917236
}