{
    "model": "mobilenetv3",
    "fold": 10,
    "accuracy": 0.5862068965517241,
    "precision": 0.25,
    "recall": 0.5,
    "f1_score": 0.3333333333333333,
    "val_loss": 1.1804713010787964
}