{
    "model": "shufflenet",
    "fold": 3,
    "accuracy": 0.7333333333333333,
    "precision": 0.4,
    "recall": 0.6666666666666666,
    "f1_score": 0.5,
    "val_loss": 1.2420308589935303
}