{
    "model": "shufflenet",
    "fold": 9,
    "accuracy": 0.5172413793103449,
    "precision": 0.23529411764705882,
    "recall": 0.8,
    "f1_score": 0.36363636363636365,
    "val_loss": 1.059572458267212
}