{
    "model": "shufflenet",
    "fold": 2,
    "accuracy": 0.5,
    "precision": 0.2,
    "recall": 0.5,
    "f1_score": 0.2857142857142857,
    "val_loss": 1.160982608795166
}