{
    "model": "shufflenet",
    "fold": 7,
    "accuracy": 0.8275862068965517,
    "precision": 0.5,
    "recall": 0.8,
    "f1_score": 0.6153846153846154,
    "val_loss": 0.9425013065338135
}