{
    "model": "shufflenet",
    "fold": 2,
    "accuracy": 0.7333333333333333,
    "precision": 0.375,
    "recall": 0.5,
    "f1_score": 0.42857142857142855,
    "val_loss": 1.1235227584838867
}