{
    "model": "tinyvit",
    "fold": 4,
    "accuracy": 0.36666666666666664,
    "precision": 0.24,
    "recall": 1.0,
    "f1_score": 0.3870967741935484,
    "val_loss": 1.2379097938537598
}