{
    "model": "tinyvit",
    "fold": 6,
    "accuracy": 0.5172413793103449,
    "precision": 0.2631578947368421,
    "recall": 1.0,
    "f1_score": 0.4166666666666667,
    "val_loss": 1.026084542274475
}