{
    "accuracy": 0.4,
    "precision": 0.125,
    "recall": 0.3333333333333333,
    "f1_score": 0.18181818181818182,
    "pr_curve": {
        "precision": [
            0.2,
            0.20689655172413793,
            0.21428571428571427,
            0.18518518518518517,
            0.19230769230769232,
            0.2,
            0.16666666666666666,
            0.17391304347826086,
            0.18181818181818182,
            0.19047619047619047,
            0.15,
            0.15789473684210525,
            0.16666666666666666,
            0.17647058823529413,
            0.125,
            0.13333333333333333,
            0.14285714285714285,
            0.15384615384615385,
            0.16666666666666666,
            0.18181818181818182,
            0.2,
            0.2222222222222222,
            0.25,
            0.14285714285714285,
            0.16666666666666666,
            0.2,
            0.25,
            0.3333333333333333,
            0.5,
            1.0,
            1.0
        ],
        "recall": [
            1.0,
            1.0,
            1.0,
            0.8333333333333334,
            0.8333333333333334,
            0.8333333333333334,
            0.6666666666666666,
            0.6666666666666666,
            0.6666666666666666,
            0.6666666666666666,
            0.5,
            0.5,
            0.5,
            0.5,
            0.3333333333333333,
            0.3333333333333333,
            0.3333333333333333,
            0.3333333333333333,
            0.3333333333333333,
            0.3333333333333333,
            0.3333333333333333,
            0.3333333333333333,
            0.3333333333333333,
            0.16666666666666666,
            0.16666666666666666,
            0.16666666666666666,
            0.16666666666666666,
            0.16666666666666666,
            0.16666666666666666,
            0.16666666666666666,
            0.0
        ]
    },
    "pr_auc": 0.31674512397551613,
    "roc_auc": 0.45138888888888884
}