{
    "accuracy": 0.43333333333333335,
    "precision": 0.17647058823529413,
    "recall": 0.5,
    "f1_score": 0.2608695652173913,
    "pr_curve": {
        "precision": [
            0.2,
            0.20689655172413793,
            0.17857142857142858,
            0.18518518518518517,
            0.19230769230769232,
            0.2,
            0.20833333333333334,
            0.21739130434782608,
            0.22727272727272727,
            0.19047619047619047,
            0.2,
            0.21052631578947367,
            0.2222222222222222,
            0.17647058823529413,
            0.1875,
            0.2,
            0.21428571428571427,
            0.15384615384615385,
            0.16666666666666666,
            0.18181818181818182,
            0.2,
            0.2222222222222222,
            0.25,
            0.2857142857142857,
            0.3333333333333333,
            0.4,
            0.25,
            0.3333333333333333,
            0.5,
            1.0
        ],
        "recall": [
            1.0,
            1.0,
            0.8333333333333334,
            0.8333333333333334,
            0.8333333333333334,
            0.8333333333333334,
            0.8333333333333334,
            0.8333333333333334,
            0.8333333333333334,
            0.6666666666666666,
            0.6666666666666666,
            0.6666666666666666,
            0.6666666666666666,
            0.5,
            0.5,
            0.5,
            0.5,
            0.3333333333333333,
            0.3333333333333333,
            0.3333333333333333,
            0.3333333333333333,
            0.3333333333333333,
            0.3333333333333333,
            0.3333333333333333,
            0.3333333333333333,
            0.3333333333333333,
            0.16666666666666666,
            0.16666666666666666,
            0.16666666666666666,
            0.0
        ]
    },
    "pr_auc": 0.22667013138615574,
    "roc_auc": 0.5208333333333334
}