{
    "accuracy": 0.5666666666666667,
    "precision": 0.23076923076923078,
    "recall": 0.5,
    "f1_score": 0.3157894736842105,
    "pr_curve": {
        "precision": [
            0.2,
            0.20689655172413793,
            0.21428571428571427,
            0.2222222222222222,
            0.23076923076923078,
            0.2,
            0.20833333333333334,
            0.17391304347826086,
            0.13636363636363635,
            0.14285714285714285,
            0.15,
            0.15789473684210525,
            0.16666666666666666,
            0.17647058823529413,
            0.1875,
            0.2,
            0.21428571428571427,
            0.23076923076923078,
            0.25,
            0.2727272727272727,
            0.2,
            0.2222222222222222,
            0.25,
            0.14285714285714285,
            0.16666666666666666,
            0.2,
            0.25,
            0.3333333333333333,
            0.0,
            0.0,
            1.0
        ],
        "recall": [
            1.0,
            1.0,
            1.0,
            1.0,
            1.0,
            0.8333333333333334,
            0.8333333333333334,
            0.6666666666666666,
            0.5,
            0.5,
            0.5,
            0.5,
            0.5,
            0.5,
            0.5,
            0.5,
            0.5,
            0.5,
            0.5,
            0.5,
            0.3333333333333333,
            0.3333333333333333,
            0.3333333333333333,
            0.16666666666666666,
            0.16666666666666666,
            0.16666666666666666,
            0.16666666666666666,
            0.16666666666666666,
            0.0,
            0.0,
            0.0
        ]
    },
    "pr_auc": 0.19351750302837256,
    "roc_auc": 0.4861111111111111
}