{
    "model": "cnn",
    "fold": 5,
    "accuracy": 0.7241379310344828,
    "precision": 0.3333333333333333,
    "recall": 0.6,
    "f1_score": 0.42857142857142855,
    "val_loss": 1.0768979787826538
}