{
    "model": "cnn",
    "fold": 10,
    "accuracy": 0.20689655172413793,
    "precision": 0.20689655172413793,
    "recall": 1.0,
    "f1_score": 0.34285714285714286,
    "val_loss": 1.178313970565796
}