{
    "model": "cnn",
    "fold": 4,
    "accuracy": 0.36666666666666664,
    "precision": 0.21739130434782608,
    "recall": 0.8333333333333334,
    "f1_score": 0.3448275862068966,
    "val_loss": 1.161421537399292
}