{
    "model": "cnn",
    "fold": 7,
    "accuracy": 0.1724137931034483,
    "precision": 0.1724137931034483,
    "recall": 1.0,
    "f1_score": 0.29411764705882354,
    "val_loss": 1.0925542116165161
}