{
    "model": "cnn",
    "fold": 2,
    "accuracy": 0.2,
    "precision": 0.2,
    "recall": 1.0,
    "f1_score": 0.3333333333333333,
    "val_loss": 1.259156584739685
}