{
    "model": "efficientnet",
    "fold": 10,
    "accuracy": 0.7931034482758621,
    "precision": 0.5,
    "recall": 0.8333333333333334,
    "f1_score": 0.625,
    "val_loss": 0.8463485836982727
}