{
    "model": "efficientnet",
    "fold": 2,
    "accuracy": 0.5333333333333333,
    "precision": 0.3,
    "recall": 1.0,
    "f1_score": 0.46153846153846156,
    "val_loss": 0.9997465014457703
}