{
    "model": "efficientnet",
    "fold": 3,
    "accuracy": 0.6333333333333333,
    "precision": 0.35294117647058826,
    "recall": 1.0,
    "f1_score": 0.5217391304347826,
    "val_loss": 1.0873583555221558
}