{
    "model": "efficientnet",
    "fold": 2,
    "accuracy": 0.8333333333333334,
    "precision": 0.5454545454545454,
    "recall": 1.0,
    "f1_score": 0.7058823529411765,
    "val_loss": 0.8217136859893799
}