{
    "model": "efficientnet",
    "fold": 7,
    "accuracy": 0.9310344827586207,
    "precision": 1.0,
    "recall": 0.6,
    "f1_score": 0.75,
    "val_loss": 1.0652152299880981
}