{
    "model": "efficientnet",
    "fold": 6,
    "accuracy": 0.7586206896551724,
    "precision": 0.375,
    "recall": 0.6,
    "f1_score": 0.46153846153846156,
    "val_loss": 1.0874401330947876
}