{
    "model": "mobilenetv3",
    "fold": 4,
    "accuracy": 0.8,
    "precision": 0.5,
    "recall": 0.3333333333333333,
    "f1_score": 0.4,
    "val_loss": 1.165900468826294
}