{
    "model": "mobilenetv3",
    "fold": 6,
    "accuracy": 0.4482758620689655,
    "precision": 0.13333333333333333,
    "recall": 0.4,
    "f1_score": 0.2,
    "val_loss": 1.0883175134658813
}