{
    "model": "mobilenetv3",
    "fold": 3,
    "accuracy": 0.23333333333333334,
    "precision": 0.20689655172413793,
    "recall": 1.0,
    "f1_score": 0.34285714285714286,
    "val_loss": 1.1950089931488037
}