{
    "model": "mobilenetv3",
    "fold": 4,
    "accuracy": 0.5333333333333333,
    "precision": 0.2777777777777778,
    "recall": 0.8333333333333334,
    "f1_score": 0.4166666666666667,
    "val_loss": 1.1324834823608398
}