{
    "model": "shufflenet",
    "fold": 4,
    "accuracy": 0.6666666666666666,
    "precision": 0.35714285714285715,
    "recall": 0.8333333333333334,
    "f1_score": 0.5,
    "val_loss": 1.0605316162109375
}