{
    "model": "shufflenet",
    "fold": 4,
    "accuracy": 0.9,
    "precision": 1.0,
    "recall": 0.5,
    "f1_score": 0.6666666666666666,
    "val_loss": 1.0884971618652344
}