{
    "model": "shufflenet",
    "fold": 10,
    "accuracy": 0.6896551724137931,
    "precision": 0.38461538461538464,
    "recall": 0.8333333333333334,
    "f1_score": 0.5263157894736842,
    "val_loss": 0.945966899394989
}