{
    "model": "shufflenet",
    "fold": 2,
    "accuracy": 0.9,
    "precision": 0.7142857142857143,
    "recall": 0.8333333333333334,
    "f1_score": 0.7692307692307693,
    "val_loss": 0.7126903533935547
}