{
    "model": "tinyvit",
    "fold": 2,
    "accuracy": 0.6666666666666666,
    "precision": 0.3333333333333333,
    "recall": 0.6666666666666666,
    "f1_score": 0.4444444444444444,
    "val_loss": 1.1171900033950806
}