{
    "model": "tinyvit",
    "fold": 7,
    "accuracy": 0.5517241379310345,
    "precision": 0.21428571428571427,
    "recall": 0.6,
    "f1_score": 0.3157894736842105,
    "val_loss": 1.079424262046814
}