{
    "model": "tinyvit",
    "fold": 3,
    "accuracy": 0.4,
    "precision": 0.22727272727272727,
    "recall": 0.8333333333333334,
    "f1_score": 0.35714285714285715,
    "val_loss": 1.1565920114517212
}