{
    "model": "tinyvit",
    "fold": 4,
    "accuracy": 0.7,
    "precision": 0.38461538461538464,
    "recall": 0.8333333333333334,
    "f1_score": 0.5263157894736842,
    "val_loss": 1.0887856483459473
}