{
    "model": "tinyvit",
    "fold": 10,
    "accuracy": 0.5172413793103449,
    "precision": 0.2777777777777778,
    "recall": 0.8333333333333334,
    "f1_score": 0.4166666666666667,
    "val_loss": 1.1670935153961182
}