{
    "model": "tinyvit",
    "fold": 5,
    "accuracy": 0.5172413793103449,
    "precision": 0.2631578947368421,
    "recall": 1.0,
    "f1_score": 0.4166666666666667,
    "val_loss": 1.0514005422592163
}