{
    "model": "tinyvit",
    "fold": 6,
    "accuracy": 0.7931034482758621,
    "precision": 0.42857142857142855,
    "recall": 0.6,
    "f1_score": 0.5,
    "val_loss": 1.0607517957687378
}