{
    "auc_score": 0.2677378948212282,
    "precision": [
        0.2,
        0.20689655172413793,
        0.21428571428571427,
        0.18518518518518517,
        0.19230769230769232,
        0.2,
        0.20833333333333334,
        0.21739130434782608,
        0.22727272727272727,
        0.23809523809523808,
        0.25,
        0.2631578947368421,
        0.2777777777777778,
        0.29411764705882354,
        0.3125,
        0.3333333333333333,
        0.35714285714285715,
        0.38461538461538464,
        0.4166666666666667,
        0.36363636363636365,
        0.3,
        0.2222222222222222,
        0.125,
        0.14285714285714285,
        0.16666666666666666,
        0.2,
        0.25,
        0.3333333333333333,
        0.5,
        0.0,
        1.0
    ],
    "recall": [
        1.0,
        1.0,
        1.0,
        0.8333333333333334,
        0.8333333333333334,
        0.8333333333333334,
        0.8333333333333334,
        0.8333333333333334,
        0.8333333333333334,
        0.8333333333333334,
        0.8333333333333334,
        0.8333333333333334,
        0.8333333333333334,
        0.8333333333333334,
        0.8333333333333334,
        0.8333333333333334,
        0.8333333333333334,
        0.8333333333333334,
        0.8333333333333334,
        0.6666666666666666,
        0.5,
        0.3333333333333333,
        0.16666666666666666,
        0.16666666666666666,
        0.16666666666666666,
        0.16666666666666666,
        0.16666666666666666,
        0.16666666666666666,
        0.16666666666666666,
        0.0,
        0.0
    ],
    "fpr": [
        0.0,
        0.041666666666666664,
        0.041666666666666664,
        0.2916666666666667,
        0.2916666666666667,
        0.9166666666666666,
        0.9166666666666666,
        1.0
    ],
    "tpr": [
        0.0,
        0.0,
        0.16666666666666666,
        0.16666666666666666,
        0.8333333333333334,
        0.8333333333333334,
        1.0,
        1.0
    ],
    "roc_auc": 0.6458333333333334,
    "probs": [
        0.5372849702835083,
        0.4700651466846466,
        0.4903271496295929,
        0.43808794021606445,
        0.45472654700279236,
        0.5204009413719177,
        0.5280418395996094,
        0.5466678142547607,
        0.5130277872085571,
        0.4587574899196625,
        0.5021974444389343,
        0.557660698890686,
        0.5223841667175293,
        0.3610926866531372,
        0.46989843249320984,
        0.3426641821861267,
        0.4867101013660431,
        0.5403662323951721,
        0.4961297810077667,
        0.5036554336547852,
        0.3994297683238983,
        0.4522285461425781,
        0.6150015592575073,
        0.40226879715919495,
        0.5157106518745422,
        0.49682122468948364,
        0.6417223811149597,
        0.5732213258743286,
        0.46635472774505615,
        0.4992695450782776
    ],
    "labels": [
        0,
        0,
        0,
        0,
        0,
        1,
        0,
        0,
        1,
        0,
        0,
        0,
        1,
        0,
        0,
        0,
        0,
        0,
        0,
        0,
        1,
        0,
        1,
        0,
        1,
        0,
        0,
        0,
        0,
        0
    ]
}