{
    "model": "efficientnet",
    "accuracy": 0.1724137931034483,
    "precision": 0.1724137931034483,
    "recall": 1.0,
    "f1_score": 0.29411764705882354,
    "val_loss": 0.717289388179779
}