{
    "model": "efficientnet",
    "accuracy": 0.9310344827586207,
    "precision": 1.0,
    "recall": 0.6,
    "f1_score": 0.75,
    "val_loss": 0.5026369690895081,
    "threshold": 0.62
}