{
    "auc_score": 0.8759615384615385,
    "precision": [
        0.2,
        0.20689655172413793,
        0.21428571428571427,
        0.2222222222222222,
        0.23076923076923078,
        0.24,
        0.25,
        0.2608695652173913,
        0.2727272727272727,
        0.2857142857142857,
        0.3,
        0.3157894736842105,
        0.3333333333333333,
        0.35294117647058826,
        0.375,
        0.4,
        0.42857142857142855,
        0.46153846153846156,
        0.4166666666666667,
        0.45454545454545453,
        0.5,
        0.5555555555555556,
        0.625,
        0.7142857142857143,
        0.8333333333333334,
        0.8,
        1.0,
        1.0,
        1.0,
        1.0,
        1.0
    ],
    "recall": [
        1.0,
        1.0,
        1.0,
        1.0,
        1.0,
        1.0,
        1.0,
        1.0,
        1.0,
        1.0,
        1.0,
        1.0,
        1.0,
        1.0,
        1.0,
        1.0,
        1.0,
        1.0,
        0.8333333333333334,
        0.8333333333333334,
        0.8333333333333334,
        0.8333333333333334,
        0.8333333333333334,
        0.8333333333333334,
        0.8333333333333334,
        0.6666666666666666,
        0.6666666666666666,
        0.5,
        0.3333333333333333,
        0.16666666666666666,
        0.0
    ],
    "fpr": [
        0.0,
        0.0,
        0.0,
        0.041666666666666664,
        0.041666666666666664,
        0.2916666666666667,
        0.2916666666666667,
        1.0
    ],
    "tpr": [
        0.0,
        0.16666666666666666,
        0.6666666666666666,
        0.6666666666666666,
        0.8333333333333334,
        0.8333333333333334,
        1.0,
        1.0
    ],
    "roc_auc": 0.9444444444444444,
    "probs": [
        0.26761528849601746,
        0.2073146551847458,
        0.3460822105407715,
        0.2629587650299072,
        0.40843623876571655,
        0.6058777570724487,
        0.3734949827194214,
        0.45412829518318176,
        0.522570788860321,
        0.3568594455718994,
        0.33009037375450134,
        0.28972136974334717,
        0.3803495466709137,
        0.20561981201171875,
        0.2625289857387543,
        0.32143834233283997,
        0.270418256521225,
        0.27756449580192566,
        0.4569963216781616,
        0.4372112452983856,
        0.7854740619659424,
        0.3567746877670288,
        0.5622440576553345,
        0.3509473502635956,
        0.5701113343238831,
        0.3852250277996063,
        0.5264818072319031,
        0.5003535151481628,
        0.36734214425086975,
        0.3616659641265869
    ],
    "labels": [
        0,
        0,
        0,
        0,
        0,
        1,
        0,
        0,
        1,
        0,
        0,
        0,
        1,
        0,
        0,
        0,
        0,
        0,
        0,
        0,
        1,
        0,
        1,
        0,
        1,
        0,
        0,
        0,
        0,
        0
    ]
}