{
    "model": "cnn",
    "fold": 1,
    "accuracy": 0.8,
    "precision": 0.5,
    "recall": 0.8333333333333334,
    "f1_score": 0.625,
    "val_loss": 1.0334519147872925
}