{
    "model": "cnn",
    "fold": 6,
    "accuracy": 0.9310344827586207,
    "precision": 1.0,
    "recall": 0.6,
    "f1_score": 0.75,
    "val_loss": 0.9615113735198975
}