{
    "model": "cnn",
    "fold": 9,
    "accuracy": 0.4827586206896552,
    "precision": 0.2222222222222222,
    "recall": 0.8,
    "f1_score": 0.34782608695652173,
    "val_loss": 1.0966823101043701
}