{
    "model": "cnn",
    "fold": 4,
    "accuracy": 0.7333333333333333,
    "precision": 0.3333333333333333,
    "recall": 0.3333333333333333,
    "f1_score": 0.3333333333333333,
    "val_loss": 1.1788262128829956
}