{
    "model": "efficientnet",
    "fold": 5,
    "accuracy": 0.6896551724137931,
    "precision": 0.35714285714285715,
    "recall": 1.0,
    "f1_score": 0.5263157894736842,
    "val_loss": 0.8476017117500305
}