{
    "model": "efficientnet",
    "fold": 2,
    "accuracy": 0.6,
    "precision": 0.25,
    "recall": 0.5,
    "f1_score": 0.3333333333333333,
    "val_loss": 1.1612035036087036
}