{
    "model": "efficientnet",
    "fold": 6,
    "accuracy": 0.3448275862068966,
    "precision": 0.20833333333333334,
    "recall": 1.0,
    "f1_score": 0.3448275862068966,
    "val_loss": 1.053492784500122
}