{
    "model": "efficientnet",
    "fold": 3,
    "accuracy": 0.7666666666666667,
    "precision": 0.45454545454545453,
    "recall": 0.8333333333333334,
    "f1_score": 0.5882352941176471,
    "val_loss": 0.9013087153434753
}