{
    "model": "efficientnet",
    "fold": 7,
    "accuracy": 0.8275862068965517,
    "precision": 0.5,
    "recall": 1.0,
    "f1_score": 0.6666666666666666,
    "val_loss": 0.9171854257583618
}