{
    "model": "efficientnet",
    "fold": 4,
    "accuracy": 0.8,
    "precision": 0.5,
    "recall": 0.8333333333333334,
    "f1_score": 0.625,
    "val_loss": 0.9203149676322937
}