{
    "model": "efficientnet",
    "fold": 10,
    "accuracy": 0.6206896551724138,
    "precision": 0.3076923076923077,
    "recall": 0.6666666666666666,
    "f1_score": 0.42105263157894735,
    "val_loss": 1.1003693342208862
}