{
    "model": "mobilenetv3",
    "fold": 10,
    "accuracy": 0.4827586206896552,
    "precision": 0.2,
    "recall": 0.5,
    "f1_score": 0.2857142857142857,
    "val_loss": 1.2774032354354858
}