{
    "model": "mobilenetv3",
    "fold": 8,
    "accuracy": 0.2413793103448276,
    "precision": 0.18518518518518517,
    "recall": 1.0,
    "f1_score": 0.3125,
    "val_loss": 1.0861303806304932
}