{
    "model": "mobilenetv3",
    "fold": 1,
    "accuracy": 0.43333333333333335,
    "precision": 0.2608695652173913,
    "recall": 1.0,
    "f1_score": 0.41379310344827586,
    "val_loss": 1.1210858821868896
}