{
    "model": "shufflenet",
    "fold": 3,
    "accuracy": 0.5666666666666667,
    "precision": 0.29411764705882354,
    "recall": 0.8333333333333334,
    "f1_score": 0.43478260869565216,
    "val_loss": 1.102075219154358
}