{
    "model": "shufflenet",
    "fold": 9,
    "accuracy": 0.9310344827586207,
    "precision": 0.8,
    "recall": 0.8,
    "f1_score": 0.8,
    "val_loss": 0.8310376405715942
}