{
    "model": "shufflenet",
    "fold": 1,
    "accuracy": 0.9666666666666667,
    "precision": 1.0,
    "recall": 0.8333333333333334,
    "f1_score": 0.9090909090909091,
    "val_loss": 1.0744091272354126
}