{
    "model": "shufflenet",
    "fold": 6,
    "accuracy": 0.6206896551724138,
    "precision": 0.25,
    "recall": 0.6,
    "f1_score": 0.35294117647058826,
    "val_loss": 0.9742590188980103
}