{
    "model": "tinyvit",
    "fold": 4,
    "accuracy": 0.3,
    "precision": 0.2222222222222222,
    "recall": 1.0,
    "f1_score": 0.36363636363636365,
    "val_loss": 1.1685994863510132
}