{
    "model": "tinyvit",
    "fold": 8,
    "accuracy": 0.8620689655172413,
    "precision": 0.5555555555555556,
    "recall": 1.0,
    "f1_score": 0.7142857142857143,
    "val_loss": 0.9743819236755371
}