{
    "model": "tinyvit",
    "fold": 9,
    "accuracy": 0.3793103448275862,
    "precision": 0.21739130434782608,
    "recall": 1.0,
    "f1_score": 0.35714285714285715,
    "val_loss": 1.0709677934646606
}