{
    "model": "efficientnet",
    "fold": 1,
    "accuracy": 0.3,
    "precision": 0.2222222222222222,
    "recall": 1.0,
    "f1_score": 0.36363636363636365,
    "val_loss": 0.8100448250770569
}