{
    "model": "efficientnet",
    "fold": 4,
    "accuracy": 0.7333333333333333,
    "precision": 0.25,
    "recall": 0.16666666666666666,
    "f1_score": 0.2,
    "val_loss": 0.6647719144821167
}