{
    "model": "efficientnet",
    "fold": 10,
    "accuracy": 0.5517241379310345,
    "precision": 0.18181818181818182,
    "recall": 0.3333333333333333,
    "f1_score": 0.23529411764705882,
    "val_loss": 0.6895895600318909
}