{
    "model": "efficientnet",
    "fold": 2,
    "accuracy": 0.6333333333333333,
    "precision": 0.3076923076923077,
    "recall": 0.6666666666666666,
    "f1_score": 0.42105263157894735,
    "val_loss": 0.7018617391586304
}