{
    "model": "efficientnet",
    "fold": 2,
    "accuracy": 0.8333333333333334,
    "precision": 0.6,
    "recall": 0.5,
    "f1_score": 0.5454545454545454,
    "val_loss": 0.5924749970436096
}