{
    "model": "efficientnet",
    "fold": 7,
    "accuracy": 0.7931034482758621,
    "precision": 0.3333333333333333,
    "recall": 0.2,
    "f1_score": 0.25,
    "val_loss": 0.5881226062774658
}