{
    "model": "efficientnet",
    "fold": 4,
    "accuracy": 0.6,
    "precision": 0.25,
    "recall": 0.5,
    "f1_score": 0.3333333333333333,
    "val_loss": 0.6906227469444275
}