{
    "model": "efficientnet",
    "fold": 3,
    "accuracy": 0.6333333333333333,
    "precision": 0.14285714285714285,
    "recall": 0.16666666666666666,
    "f1_score": 0.15384615384615385,
    "val_loss": 0.6884428858757019
}