{
    "model": "efficientnet",
    "fold": 3,
    "accuracy": 0.5333333333333333,
    "precision": 0.25,
    "recall": 0.6666666666666666,
    "f1_score": 0.36363636363636365,
    "val_loss": 0.693238377571106
}