{
    "model": "efficientnet",
    "fold": 4,
    "accuracy": 0.5333333333333333,
    "precision": 0.16666666666666666,
    "recall": 0.3333333333333333,
    "f1_score": 0.2222222222222222,
    "val_loss": 0.6866467595100403
}