{
    "model": "student",
    "accuracy": 0.7931034482758621,
    "precision": 0.42857142857142855,
    "recall": 0.6,
    "f1_score": 0.5,
    "val_loss": 0.672573983669281,
    "threshold": 0.5
}