{
    "model": "student",
    "accuracy": 0.896551724137931,
    "precision": 0.6666666666666666,
    "recall": 0.8,
    "f1_score": 0.7272727272727273,
    "val_loss": 0.590924084186554,
    "threshold": 0.5
}