{
    "auc_score": 0.5948260073260073,
    "precision": [
        0.2,
        0.20689655172413793,
        0.21428571428571427,
        0.2222222222222222,
        0.23076923076923078,
        0.2,
        0.16666666666666666,
        0.17391304347826086,
        0.18181818181818182,
        0.19047619047619047,
        0.15,
        0.15789473684210525,
        0.16666666666666666,
        0.17647058823529413,
        0.1875,
        0.2,
        0.21428571428571427,
        0.23076923076923078,
        0.25,
        0.2727272727272727,
        0.3,
        0.3333333333333333,
        0.375,
        0.42857142857142855,
        0.5,
        0.6,
        0.75,
        1.0,
        1.0,
        1.0,
        1.0
    ],
    "recall": [
        1.0,
        1.0,
        1.0,
        1.0,
        1.0,
        0.8333333333333334,
        0.6666666666666666,
        0.6666666666666666,
        0.6666666666666666,
        0.6666666666666666,
        0.5,
        0.5,
        0.5,
        0.5,
        0.5,
        0.5,
        0.5,
        0.5,
        0.5,
        0.5,
        0.5,
        0.5,
        0.5,
        0.5,
        0.5,
        0.5,
        0.5,
        0.5,
        0.3333333333333333,
        0.16666666666666666,
        0.0
    ],
    "fpr": [
        0.0,
        0.0,
        0.0,
        0.7083333333333334,
        0.7083333333333334,
        0.8333333333333334,
        0.8333333333333334,
        1.0
    ],
    "tpr": [
        0.0,
        0.16666666666666666,
        0.5,
        0.5,
        0.6666666666666666,
        0.6666666666666666,
        1.0,
        1.0
    ],
    "roc_auc": 0.6041666666666666,
    "probs": [
        0.4297676980495453,
        0.4359501302242279,
        0.4409201443195343,
        0.3790672719478607,
        0.44953423738479614,
        0.40529969334602356,
        0.44096773862838745,
        0.46759232878685,
        0.48577311635017395,
        0.45378610491752625,
        0.42847245931625366,
        0.41290992498397827,
        0.41652363538742065,
        0.4236499071121216,
        0.38310083746910095,
        0.4690074920654297,
        0.4317018687725067,
        0.39552226662635803,
        0.4572344422340393,
        0.4844520092010498,
        0.5523263216018677,
        0.4712755084037781,
        0.5397147536277771,
        0.41890642046928406,
        0.40154165029525757,
        0.4118604362010956,
        0.46725955605506897,
        0.4320868253707886,
        0.3918479382991791,
        0.41322702169418335
    ],
    "labels": [
        0,
        0,
        0,
        0,
        0,
        1,
        0,
        0,
        1,
        0,
        0,
        0,
        1,
        0,
        0,
        0,
        0,
        0,
        0,
        0,
        1,
        0,
        1,
        0,
        1,
        0,
        0,
        0,
        0,
        0
    ]
}