{
    "model": "cnn",
    "fold": 10,
    "accuracy": 0.6896551724137931,
    "precision": 0.2,
    "recall": 0.16666666666666666,
    "f1_score": 0.18181818181818182,
    "val_loss": 0.6870314478874207
}