{
    "model": "efficientnet",
    "fold": 4,
    "accuracy": 0.8333333333333334,
    "precision": 0.5555555555555556,
    "recall": 0.8333333333333334,
    "f1_score": 0.6666666666666666,
    "val_loss": 0.572198748588562
}