{
    "model": "efficientnet",
    "fold": 10,
    "accuracy": 0.8275862068965517,
    "precision": 0.5714285714285714,
    "recall": 0.6666666666666666,
    "f1_score": 0.6153846153846154,
    "val_loss": 0.5919086337089539
}