{
    "model": "efficientnet",
    "fold": 9,
    "accuracy": 0.5517241379310345,
    "precision": 0.25,
    "recall": 0.8,
    "f1_score": 0.38095238095238093,
    "val_loss": 0.6894335150718689
}