{
    "model": "efficientnet",
    "fold": 6,
    "accuracy": 0.6896551724137931,
    "precision": 0.3333333333333333,
    "recall": 0.8,
    "f1_score": 0.47058823529411764,
    "val_loss": 0.6856861710548401
}