{
    "model": "mobilenetv3",
    "fold": 4,
    "accuracy": 0.6,
    "precision": 0.3125,
    "recall": 0.8333333333333334,
    "f1_score": 0.45454545454545453,
    "val_loss": 0.6896687150001526
}