{
    "model": "mobilenetv3",
    "fold": 7,
    "accuracy": 0.3793103448275862,
    "precision": 0.21739130434782608,
    "recall": 1.0,
    "f1_score": 0.35714285714285715,
    "val_loss": 0.7251010537147522
}