{
    "model": "mobilenetv3",
    "fold": 3,
    "accuracy": 0.7,
    "precision": 0.4,
    "recall": 1.0,
    "f1_score": 0.5714285714285714,
    "val_loss": 0.6633549332618713
}