{
    "model": "mobilenetv3",
    "fold": 2,
    "accuracy": 0.4,
    "precision": 0.22727272727272727,
    "recall": 0.8333333333333334,
    "f1_score": 0.35714285714285715,
    "val_loss": 0.7030982971191406
}