{
    "model": "mobilenetv3",
    "fold": 8,
    "accuracy": 0.7586206896551724,
    "precision": 0.375,
    "recall": 0.6,
    "f1_score": 0.46153846153846156,
    "val_loss": 0.681328535079956
}