{
    "model": "shufflenet",
    "fold": 2,
    "accuracy": 0.9333333333333333,
    "precision": 0.8333333333333334,
    "recall": 0.8333333333333334,
    "f1_score": 0.8333333333333334,
    "val_loss": 0.3391023576259613
}