{
    "model": "shufflenet",
    "fold": 6,
    "accuracy": 0.896551724137931,
    "precision": 0.75,
    "recall": 0.6,
    "f1_score": 0.6666666666666666,
    "val_loss": 0.5058920979499817
}