{
    "model": "shufflenet",
    "fold": 1,
    "accuracy": 0.9666666666666667,
    "precision": 0.8571428571428571,
    "recall": 1.0,
    "f1_score": 0.9230769230769231,
    "val_loss": 0.38687440752983093
}