{
    "model": "tinyvit",
    "fold": 10,
    "accuracy": 0.7931034482758621,
    "precision": 0.5,
    "recall": 0.3333333333333333,
    "f1_score": 0.4,
    "val_loss": 0.6734821796417236
}