{
    "model": "cnn",
    "fold": 2,
    "accuracy": 0.26666666666666666,
    "precision": 0.16666666666666666,
    "recall": 0.6666666666666666,
    "f1_score": 0.26666666666666666,
    "val_loss": 0.6956228017807007
}