{
    "model": "efficientnet",
    "fold": 4,
    "accuracy": 0.4666666666666667,
    "precision": 0.2727272727272727,
    "recall": 1.0,
    "f1_score": 0.42857142857142855,
    "val_loss": 0.7203385829925537
}