{
    "model": "efficientnet",
    "fold": 6,
    "accuracy": 0.4482758620689655,
    "precision": 0.21052631578947367,
    "recall": 0.8,
    "f1_score": 0.3333333333333333,
    "val_loss": 0.7345633506774902
}