{
    "model": "efficientnet",
    "fold": 1,
    "accuracy": 0.7333333333333333,
    "precision": 0.4166666666666667,
    "recall": 0.8333333333333334,
    "f1_score": 0.5555555555555556,
    "val_loss": 0.6295888423919678
}