{
    "model": "mobilenetv3",
    "fold": 2,
    "accuracy": 0.6333333333333333,
    "precision": 0.2727272727272727,
    "recall": 0.5,
    "f1_score": 0.35294117647058826,
    "val_loss": 0.689609706401825
}