{
    "model": "student",
    "accuracy": 0.6896551724137931,
    "precision": 0.3,
    "recall": 0.6,
    "f1_score": 0.4,
    "val_loss": 0.7127309441566467,
    "threshold": 0.52
}