{
    "model": "student",
    "accuracy": 0.896551724137931,
    "precision": 1.0,
    "recall": 0.4,
    "f1_score": 0.5714285714285714,
    "val_loss": 0.6332974433898926,
    "threshold": 0.49
}