{
    "auc_score": 0.4851057568162831,
    "precision": [
        0.2,
        0.20689655172413793,
        0.21428571428571427,
        0.2222222222222222,
        0.23076923076923078,
        0.24,
        0.25,
        0.2608695652173913,
        0.2727272727272727,
        0.23809523809523808,
        0.25,
        0.21052631578947367,
        0.16666666666666666,
        0.17647058823529413,
        0.1875,
        0.2,
        0.21428571428571427,
        0.23076923076923078,
        0.25,
        0.2727272727272727,
        0.2,
        0.2222222222222222,
        0.25,
        0.2857142857142857,
        0.3333333333333333,
        0.4,
        0.5,
        0.6666666666666666,
        1.0,
        1.0,
        1.0
    ],
    "recall": [
        1.0,
        1.0,
        1.0,
        1.0,
        1.0,
        1.0,
        1.0,
        1.0,
        1.0,
        0.8333333333333334,
        0.8333333333333334,
        0.6666666666666666,
        0.5,
        0.5,
        0.5,
        0.5,
        0.5,
        0.5,
        0.5,
        0.5,
        0.3333333333333333,
        0.3333333333333333,
        0.3333333333333333,
        0.3333333333333333,
        0.3333333333333333,
        0.3333333333333333,
        0.3333333333333333,
        0.3333333333333333,
        0.3333333333333333,
        0.16666666666666666,
        0.0
    ],
    "fpr": [
        0.0,
        0.0,
        0.0,
        0.3333333333333333,
        0.3333333333333333,
        0.625,
        0.625,
        0.6666666666666666,
        0.6666666666666666,
        1.0
    ],
    "tpr": [
        0.0,
        0.16666666666666666,
        0.3333333333333333,
        0.3333333333333333,
        0.5,
        0.5,
        0.8333333333333334,
        0.8333333333333334,
        1.0,
        1.0
    ],
    "roc_auc": 0.625,
    "probs": [
        0.49686938524246216,
        0.4920549690723419,
        0.4585481286048889,
        0.5352873802185059,
        0.4996860921382904,
        0.5032511353492737,
        0.47431424260139465,
        0.563389003276825,
        0.5875915884971619,
        0.5583351254463196,
        0.5599425435066223,
        0.4874402582645416,
        0.5141718983650208,
        0.5253889560699463,
        0.5162305235862732,
        0.4869939386844635,
        0.4836391508579254,
        0.5195791125297546,
        0.5487139821052551,
        0.5519875884056091,
        0.5088106989860535,
        0.553327739238739,
        0.6049068570137024,
        0.5216846466064453,
        0.5416935086250305,
        0.5060914158821106,
        0.5619138479232788,
        0.5176796913146973,
        0.5659650564193726,
        0.5329880118370056
    ],
    "labels": [
        0,
        0,
        0,
        0,
        0,
        1,
        0,
        0,
        1,
        0,
        0,
        0,
        1,
        0,
        0,
        0,
        0,
        0,
        0,
        0,
        1,
        0,
        1,
        0,
        1,
        0,
        0,
        0,
        0,
        0
    ]
}