{
    "auc_score": 0.6530041797283176,
    "precision": [
        0.2,
        0.1724137931034483,
        0.17857142857142858,
        0.18518518518518517,
        0.19230769230769232,
        0.2,
        0.20833333333333334,
        0.21739130434782608,
        0.22727272727272727,
        0.23809523809523808,
        0.25,
        0.2631578947368421,
        0.2777777777777778,
        0.29411764705882354,
        0.3125,
        0.3333333333333333,
        0.35714285714285715,
        0.38461538461538464,
        0.4166666666666667,
        0.36363636363636365,
        0.4,
        0.4444444444444444,
        0.5,
        0.5714285714285714,
        0.6666666666666666,
        0.6,
        0.75,
        0.6666666666666666,
        1.0,
        1.0,
        1.0
    ],
    "recall": [
        1.0,
        0.8333333333333334,
        0.8333333333333334,
        0.8333333333333334,
        0.8333333333333334,
        0.8333333333333334,
        0.8333333333333334,
        0.8333333333333334,
        0.8333333333333334,
        0.8333333333333334,
        0.8333333333333334,
        0.8333333333333334,
        0.8333333333333334,
        0.8333333333333334,
        0.8333333333333334,
        0.8333333333333334,
        0.8333333333333334,
        0.8333333333333334,
        0.8333333333333334,
        0.6666666666666666,
        0.6666666666666666,
        0.6666666666666666,
        0.6666666666666666,
        0.6666666666666666,
        0.6666666666666666,
        0.5,
        0.5,
        0.3333333333333333,
        0.3333333333333333,
        0.16666666666666666,
        0.0
    ],
    "fpr": [
        0.0,
        0.0,
        0.0,
        0.041666666666666664,
        0.041666666666666664,
        0.08333333333333333,
        0.08333333333333333,
        0.2916666666666667,
        0.2916666666666667,
        1.0,
        1.0
    ],
    "tpr": [
        0.0,
        0.16666666666666666,
        0.3333333333333333,
        0.3333333333333333,
        0.5,
        0.5,
        0.6666666666666666,
        0.6666666666666666,
        0.8333333333333334,
        0.8333333333333334,
        1.0
    ],
    "roc_auc": 0.763888888888889,
    "probs": [
        0.3277043104171753,
        0.37655192613601685,
        0.348574697971344,
        0.2984701097011566,
        0.29492244124412537,
        0.4150364398956299,
        0.38891512155532837,
        0.3048270344734192,
        0.5257152915000916,
        0.35201945900917053,
        0.347502738237381,
        0.35729873180389404,
        0.2876798212528229,
        0.3724340498447418,
        0.39840278029441833,
        0.3886405825614929,
        0.35398659110069275,
        0.38699039816856384,
        0.3456116318702698,
        0.3881933391094208,
        0.44440433382987976,
        0.36462655663490295,
        0.48253485560417175,
        0.3371376097202301,
        0.3856271803379059,
        0.34027230739593506,
        0.34947237372398376,
        0.44858822226524353,
        0.42263808846473694,
        0.33660173416137695
    ],
    "labels": [
        0,
        0,
        0,
        0,
        0,
        1,
        0,
        0,
        1,
        0,
        0,
        0,
        1,
        0,
        0,
        0,
        0,
        0,
        0,
        0,
        1,
        0,
        1,
        0,
        1,
        0,
        0,
        0,
        0,
        0
    ]
}