{
    "auc_score": 0.6169998982498982,
    "precision": [
        0.2,
        0.20689655172413793,
        0.21428571428571427,
        0.2222222222222222,
        0.23076923076923078,
        0.24,
        0.25,
        0.2608695652173913,
        0.2727272727272727,
        0.2857142857142857,
        0.3,
        0.3157894736842105,
        0.3333333333333333,
        0.35294117647058826,
        0.375,
        0.4,
        0.42857142857142855,
        0.46153846153846156,
        0.4166666666666667,
        0.45454545454545453,
        0.5,
        0.4444444444444444,
        0.375,
        0.42857142857142855,
        0.3333333333333333,
        0.4,
        0.5,
        0.6666666666666666,
        1.0,
        1.0,
        1.0
    ],
    "recall": [
        1.0,
        1.0,
        1.0,
        1.0,
        1.0,
        1.0,
        1.0,
        1.0,
        1.0,
        1.0,
        1.0,
        1.0,
        1.0,
        1.0,
        1.0,
        1.0,
        1.0,
        1.0,
        0.8333333333333334,
        0.8333333333333334,
        0.8333333333333334,
        0.6666666666666666,
        0.5,
        0.5,
        0.3333333333333333,
        0.3333333333333333,
        0.3333333333333333,
        0.3333333333333333,
        0.3333333333333333,
        0.16666666666666666,
        0.0
    ],
    "fpr": [
        0.0,
        0.0,
        0.0,
        0.16666666666666666,
        0.16666666666666666,
        0.20833333333333334,
        0.20833333333333334,
        0.2916666666666667,
        0.2916666666666667,
        1.0
    ],
    "tpr": [
        0.0,
        0.16666666666666666,
        0.3333333333333333,
        0.3333333333333333,
        0.5,
        0.5,
        0.8333333333333334,
        0.8333333333333334,
        1.0,
        1.0
    ],
    "roc_auc": 0.8541666666666666,
    "probs": [
        0.46446529030799866,
        0.513353705406189,
        0.465745747089386,
        0.4685668647289276,
        0.4989784359931946,
        0.5009675621986389,
        0.5056628584861755,
        0.45838239789009094,
        0.5334892868995667,
        0.47950050234794617,
        0.46849775314331055,
        0.46898913383483887,
        0.48897358775138855,
        0.4748276472091675,
        0.4842303395271301,
        0.5016274452209473,
        0.5167021751403809,
        0.45711395144462585,
        0.468944251537323,
        0.4602634012699127,
        0.49973300099372864,
        0.4937358796596527,
        0.5298835635185242,
        0.4883348345756531,
        0.5045449137687683,
        0.4710628390312195,
        0.4773746132850647,
        0.5228394269943237,
        0.4617295265197754,
        0.4733298420906067
    ],
    "labels": [
        0,
        0,
        0,
        0,
        0,
        1,
        0,
        0,
        1,
        0,
        0,
        0,
        1,
        0,
        0,
        0,
        0,
        0,
        0,
        0,
        1,
        0,
        1,
        0,
        1,
        0,
        0,
        0,
        0,
        0
    ]
}