{
    "model": "student",
    "accuracy": 0.7586206896551724,
    "precision": 0.4,
    "recall": 0.8,
    "f1_score": 0.5333333333333333,
    "val_loss": 0.6327350735664368,
    "threshold": 0.47000000000000003
}