{
    "model": "student",
    "accuracy": 0.8620689655172413,
    "precision": 1.0,
    "recall": 0.2,
    "f1_score": 0.3333333333333333,
    "val_loss": 0.7586740255355835,
    "threshold": 0.55
}