{
    "model": "mobilenetv3",
    "fold": 5,
    "accuracy": 0.7931034482758621,
    "precision": 0.4444444444444444,
    "recall": 0.8,
    "f1_score": 0.5714285714285714,
    "val_loss": 0.6150880455970764
}