{
    "model": "mobilenetv3",
    "fold": 10,
    "accuracy": 0.6206896551724138,
    "precision": 0.35294117647058826,
    "recall": 1.0,
    "f1_score": 0.5217391304347826,
    "val_loss": 0.6887088418006897
}