{
    "model": "shufflenet",
    "fold": 7,
    "accuracy": 0.8620689655172413,
    "precision": 1.0,
    "recall": 0.2,
    "f1_score": 0.3333333333333333,
    "val_loss": 0.6092162132263184
}