{
    "model": "shufflenet",
    "fold": 6,
    "accuracy": 0.6206896551724138,
    "precision": 0.2857142857142857,
    "recall": 0.8,
    "f1_score": 0.42105263157894735,
    "val_loss": 0.6737198233604431
}