{
    "model": "cnn",
    "fold": 3,
    "accuracy": 0.8,
    "precision": 0.5,
    "recall": 0.3333333333333333,
    "f1_score": 0.4,
    "val_loss": 0.5622076988220215
}