{
    "model": "cnn",
    "fold": 3,
    "accuracy": 0.8666666666666667,
    "precision": 1.0,
    "recall": 0.3333333333333333,
    "f1_score": 0.5,
    "val_loss": 0.591852605342865
}