{
    "model": "cnn",
    "fold": 5,
    "accuracy": 0.5862068965517241,
    "precision": 0.26666666666666666,
    "recall": 0.8,
    "f1_score": 0.4,
    "val_loss": 0.6862673759460449
}