{
    "model": "efficientnet",
    "fold": 7,
    "accuracy": 0.7931034482758621,
    "precision": 0.4,
    "recall": 0.4,
    "f1_score": 0.4,
    "val_loss": 0.606667697429657
}