{
    "model": "efficientnet",
    "fold": 2,
    "accuracy": 0.7666666666666667,
    "precision": 0.4,
    "recall": 0.3333333333333333,
    "f1_score": 0.36363636363636365,
    "val_loss": 0.6427529454231262
}