{
    "model": "mobilenetv3",
    "fold": 4,
    "accuracy": 0.5666666666666667,
    "precision": 0.26666666666666666,
    "recall": 0.6666666666666666,
    "f1_score": 0.38095238095238093,
    "val_loss": 0.6830914616584778
}