{
    "model": "mobilenetv3",
    "fold": 2,
    "accuracy": 0.9,
    "precision": 1.0,
    "recall": 0.5,
    "f1_score": 0.6666666666666666,
    "val_loss": 0.5461390018463135
}