{
    "model": "mobilenetv3",
    "fold": 4,
    "accuracy": 0.4666666666666667,
    "precision": 0.1875,
    "recall": 0.5,
    "f1_score": 0.2727272727272727,
    "val_loss": 0.6968505382537842
}