{
    "model": "mobilenetv3",
    "fold": 1,
    "accuracy": 0.6333333333333333,
    "precision": 0.2222222222222222,
    "recall": 0.3333333333333333,
    "f1_score": 0.26666666666666666,
    "val_loss": 0.6776400208473206
}