{
    "model": "mobilenetv3",
    "fold": 10,
    "accuracy": 0.6206896551724138,
    "precision": 0.2727272727272727,
    "recall": 0.5,
    "f1_score": 0.35294117647058826,
    "val_loss": 0.6712213754653931
}