{
    "model": "mobilenetv3",
    "fold": 1,
    "accuracy": 0.8333333333333334,
    "precision": 0.5714285714285714,
    "recall": 0.6666666666666666,
    "f1_score": 0.6153846153846154,
    "val_loss": 0.5012583136558533
}