{
    "model": "shufflenet",
    "fold": 10,
    "accuracy": 0.8620689655172413,
    "precision": 0.6666666666666666,
    "recall": 0.6666666666666666,
    "f1_score": 0.6666666666666666,
    "val_loss": 0.5018374919891357
}