{
    "model": "shufflenet",
    "fold": 4,
    "accuracy": 0.8,
    "precision": 0.5,
    "recall": 0.16666666666666666,
    "f1_score": 0.25,
    "val_loss": 0.6751392483711243
}