{
    "model": "shufflenet",
    "fold": 7,
    "accuracy": 0.8275862068965517,
    "precision": 0.5,
    "recall": 0.4,
    "f1_score": 0.4444444444444444,
    "val_loss": 0.5602925419807434
}