{
    "model": "shufflenet",
    "fold": 1,
    "accuracy": 0.8666666666666667,
    "precision": 0.6666666666666666,
    "recall": 0.6666666666666666,
    "f1_score": 0.6666666666666666,
    "val_loss": 0.5916285514831543
}