{
    "model": "tinyvit",
    "fold": 5,
    "accuracy": 0.7586206896551724,
    "precision": 0.4166666666666667,
    "recall": 1.0,
    "f1_score": 0.5882352941176471,
    "val_loss": 0.647797167301178
}