{
    "model": "tinyvit",
    "fold": 2,
    "accuracy": 0.2,
    "precision": 0.2,
    "recall": 1.0,
    "f1_score": 0.3333333333333333,
    "val_loss": 0.7288652658462524
}