{
    "model": "student",
    "accuracy": 0.7241379310344828,
    "precision": 0.36363636363636365,
    "recall": 0.8,
    "f1_score": 0.5,
    "val_loss": 0.6930081844329834,
    "threshold": 0.52
}