{
    "model": "cnn",
    "fold": 7,
    "accuracy": 0.8620689655172413,
    "precision": 0.6666666666666666,
    "recall": 0.4,
    "f1_score": 0.5,
    "val_loss": 0.5822363495826721
}