{
    "model": "cnn",
    "fold": 10,
    "accuracy": 0.4482758620689655,
    "precision": 0.25,
    "recall": 0.8333333333333334,
    "f1_score": 0.38461538461538464,
    "val_loss": 0.7656785249710083
}