{
    "model": "cnn",
    "fold": 6,
    "accuracy": 0.8620689655172413,
    "precision": 0.6,
    "recall": 0.6,
    "f1_score": 0.6,
    "val_loss": 0.589710533618927
}