{
    "model": "cnn",
    "fold": 9,
    "accuracy": 0.41379310344827586,
    "precision": 0.22727272727272727,
    "recall": 1.0,
    "f1_score": 0.37037037037037035,
    "val_loss": 0.7152224779129028
}