{
    "model": "efficientnet",
    "fold": 7,
    "accuracy": 0.8620689655172413,
    "precision": 0.5714285714285714,
    "recall": 0.8,
    "f1_score": 0.6666666666666666,
    "val_loss": 0.5999957323074341
}