{
    "model": "efficientnet",
    "fold": 3,
    "accuracy": 0.6666666666666666,
    "precision": 0.3333333333333333,
    "recall": 0.6666666666666666,
    "f1_score": 0.4444444444444444,
    "val_loss": 0.6886964440345764
}