{
    "model": "efficientnet",
    "fold": 5,
    "accuracy": 0.9655172413793104,
    "precision": 0.8333333333333334,
    "recall": 1.0,
    "f1_score": 0.9090909090909091,
    "val_loss": 0.32300063967704773
}