{
    "model": "mobilenetv3",
    "fold": 7,
    "accuracy": 0.5862068965517241,
    "precision": 0.29411764705882354,
    "recall": 1.0,
    "f1_score": 0.45454545454545453,
    "val_loss": 0.7090188264846802
}