{
    "model": "mobilenetv3",
    "fold": 6,
    "accuracy": 0.6551724137931034,
    "precision": 0.2222222222222222,
    "recall": 0.4,
    "f1_score": 0.2857142857142857,
    "val_loss": 0.6900231838226318
}