{
    "model": "mobilenetv3",
    "fold": 6,
    "accuracy": 0.7586206896551724,
    "precision": 0.3333333333333333,
    "recall": 0.4,
    "f1_score": 0.36363636363636365,
    "val_loss": 0.6720340251922607
}