{
    "model": "mobilenetv3",
    "fold": 10,
    "accuracy": 0.8620689655172413,
    "precision": 0.75,
    "recall": 0.5,
    "f1_score": 0.6,
    "val_loss": 0.5823989510536194
}