{
    "model": "mobilenetv3",
    "fold": 4,
    "accuracy": 0.6666666666666666,
    "precision": 0.3,
    "recall": 0.5,
    "f1_score": 0.375,
    "val_loss": 0.6562747955322266
}