{
    "model": "mobilenetv3",
    "fold": 10,
    "accuracy": 0.3448275862068966,
    "precision": 0.24,
    "recall": 1.0,
    "f1_score": 0.3870967741935484,
    "val_loss": 0.6951183676719666
}