{
    "model": "shufflenet",
    "fold": 7,
    "accuracy": 0.9310344827586207,
    "precision": 0.7142857142857143,
    "recall": 1.0,
    "f1_score": 0.8333333333333334,
    "val_loss": 0.36109864711761475
}