{
    "model": "shufflenet",
    "fold": 5,
    "accuracy": 0.896551724137931,
    "precision": 0.625,
    "recall": 1.0,
    "f1_score": 0.7692307692307693,
    "val_loss": 0.6158592104911804
}