{
    "model": "shufflenet",
    "fold": 10,
    "accuracy": 0.896551724137931,
    "precision": 1.0,
    "recall": 0.5,
    "f1_score": 0.6666666666666666,
    "val_loss": 0.6889647245407104
}