{
    "model": "shufflenet",
    "fold": 1,
    "accuracy": 0.8,
    "precision": 0.5,
    "recall": 0.6666666666666666,
    "f1_score": 0.5714285714285714,
    "val_loss": 0.51836758852005
}