{
    "model": "tinyvit",
    "fold": 3,
    "accuracy": 0.8333333333333334,
    "precision": 0.6666666666666666,
    "recall": 0.3333333333333333,
    "f1_score": 0.4444444444444444,
    "val_loss": 0.5896580219268799
}