{
    "model": "tinyvit",
    "fold": 10,
    "accuracy": 0.6551724137931034,
    "precision": 0.35714285714285715,
    "recall": 0.8333333333333334,
    "f1_score": 0.5,
    "val_loss": 0.6494428515434265
}