{
    "model": "tinyvit",
    "fold": 1,
    "accuracy": 0.5666666666666667,
    "precision": 0.3157894736842105,
    "recall": 1.0,
    "f1_score": 0.48,
    "val_loss": 0.7126064896583557
}